{
    "n_estimators": 745,
    "max_depth": 4,
    "learning_rate": 0.19313308789168457,
    "subsample": 0.9871265691683524,
    "colsample_bytree": 0.6209655696034271,
    "min_child_weight": 1,
    "gamma": 4.647101931561066,
    "reg_alpha": 2.4736842499644607,
    "reg_lambda": 4.972536468796219
}