,precision,recall,f1-score,support
Stage1,0.8759541984732825,0.37165991902834006,0.5218874360432064,1235.0
Stage2+3,0.27813953488372095,0.8214285714285714,0.4155663655316192,364.0
accuracy,0.4740462789243277,0.4740462789243277,0.4740462789243277,0.4740462789243277
macro avg,0.5770468666785017,0.5965442452284557,0.4687269007874128,1599.0
weighted avg,0.7398663075748457,0.4740462789243277,0.4976842655202435,1599.0
