,precision,recall,f1-score,support
Stage1,0.851782363977486,0.3670169765561843,0.5129943502824859,1237.0
Stage2+3,0.2647887323943662,0.7811634349030471,0.3955119214586255,361.0
accuracy,0.46057571964956195,0.46057571964956195,0.46057571964956195,0.46057571964956195
macro avg,0.5582855481859261,0.5740902057296157,0.4542531358705557,1598.0
weighted avg,0.719176168106706,0.46057571964956195,0.4864542020938666,1598.0
