{
    "iterations": 842,
    "depth": 4,
    "learning_rate": 0.019330491172052267,
    "l2_leaf_reg": 4.928860102331385,
    "random_strength": 3.9079084891965428,
    "bagging_temperature": 0.5557140566212514
}