,precision,recall,f1-score,support
Stage1,0.8520599250936329,0.36782538399353276,0.5138339920948617,1237.0
Stage2+3,0.2650375939849624,0.7811634349030471,0.3957894736842105,361.0
accuracy,0.4612015018773467,0.4612015018773467,0.4612015018773467,0.4612015018773467
macro avg,0.5585487595392977,0.5744944094482899,0.45481173288953614,1598.0
weighted avg,0.7194472457881071,0.4612015018773467,0.4871668637179874,1598.0
