,precision,recall,f1-score,support
Stage1,0.8754716981132076,0.3757085020242915,0.5257790368271955,1235.0
Stage2+3,0.27876520112254444,0.8186813186813187,0.41591067690160505,364.0
accuracy,0.47654784240150094,0.47654784240150094,0.47654784240150094,0.47654784240150094
macro avg,0.5771184496178761,0.5971949103528051,0.47084485686440025,1599.0
weighted avg,0.7396360727819996,0.47654784240150094,0.5007683532668985,1599.0
