,precision,recall,f1-score,support
Stage1,0.8550185873605948,0.3718674211802749,0.5183098591549296,1237.0
Stage2+3,0.2669811320754717,0.7839335180055401,0.398311048557354,361.0
accuracy,0.46495619524405507,0.46495619524405507,0.46495619524405507,0.46495619524405507
macro avg,0.5609998597180332,0.5779004695929075,0.4583104538561418,1598.0
weighted avg,0.7221765840076978,0.46495619524405507,0.49120124174208546,1598.0
