,precision,recall,f1-score,support
Stage1,0.8803738317757009,0.3813765182186235,0.5322033898305085,1235.0
Stage2+3,0.2819548872180451,0.8241758241758241,0.42016806722689076,364.0
accuracy,0.4821763602251407,0.4821763602251407,0.4821763602251407,0.4821763602251407
macro avg,0.5811643594968731,0.6027761711972238,0.47618572852869967,1599.0
weighted avg,0.7441483809820881,0.4821763602251407,0.5066994139532621,1599.0
