,precision,recall,f1-score,support
Stage1,0.8768656716417911,0.3805668016194332,0.5307735742518351,1235.0
Stage2+3,0.28033866415804326,0.8186813186813187,0.4176594253679047,364.0
accuracy,0.4803001876172608,0.4803001876172608,0.4803001876172608,0.4803001876172608
macro avg,0.5786021678999171,0.599624060150376,0.4742164998098699,1599.0
weighted avg,0.7410709057105314,0.4803001876172608,0.5050240119042737,1599.0
