,precision,recall,f1-score,support
Stage1,0.8547794117647058,0.375909458367017,0.5221785513756316,1237.0
Stage2+3,0.2675521821631879,0.7811634349030471,0.39858657243816253,361.0
accuracy,0.467459324155194,0.467459324155194,0.467459324155194,0.467459324155194
macro avg,0.5611657969639469,0.578536446635032,0.4603825619068971,1598.0
weighted avg,0.7221204443766283,0.467459324155194,0.49425821070202314,1598.0
