Class,DetectionRate
Non-AKI,0.7919338159255429
Stage1,0.32012934518997577
Stage2+3,0.775623268698061
